{
    "author": "Fabian",
    "description": "",
    "id": "77d2a5211a1b",
    "name": "",
    "results": {
        "all": [
            {
                "1": {
                    "Accuracy": 0.9998631189404432,
                    "Dice": 0.9850357839947951,
                    "False Discovery Rate": 0.010428117294037254,
                    "False Negative Rate": 0.019458918425623417,
                    "False Omission Rate": 8.981440756256335e-05,
                    "False Positive Rate": 4.76946822874913e-05,
                    "Jaccard": 0.9705128205128205,
                    "Negative Predictive Value": 0.9999101855924374,
                    "Precision": 0.9895718827059627,
                    "Recall": 0.9805410815743766,
                    "Total Positives Reference": 67938,
                    "Total Positives Test": 67318,
                    "True Negative Rate": 0.9999523053177125
                },
                "reference": "/scratch/tmp/m_wolf37/nnunet/nnUNet_raw/nnUNet_raw_data/Task108_Retina-3d/labelsTr/011.nii.gz",
                "test": "/scratch/tmp/m_wolf37/nnunet/nnUNet_predictions/Task108_ensemble-2d_3d_fullres/imagesTr/011.nii.gz"
            },
            {
                "1": {
                    "Accuracy": 0.9999350761772853,
                    "Dice": 0.9886538234251271,
                    "False Discovery Rate": 0.008040034152357434,
                    "False Negative Rate": 0.014630353861376788,
                    "False Omission Rate": 4.211769678459531e-05,
                    "False Positive Rate": 2.2992225914730824e-05,
                    "Jaccard": 0.9775622297534182,
                    "Negative Predictive Value": 0.9999578823032154,
                    "Precision": 0.9919599658476426,
                    "Recall": 0.9853696461386232,
                    "Total Positives Reference": 42446,
                    "Total Positives Test": 42164,
                    "True Negative Rate": 0.9999770077740853
                },
                "reference": "/scratch/tmp/m_wolf37/nnunet/nnUNet_raw/nnUNet_raw_data/Task108_Retina-3d/labelsTr/012.nii.gz",
                "test": "/scratch/tmp/m_wolf37/nnunet/nnUNet_predictions/Task108_ensemble-2d_3d_fullres/imagesTr/012.nii.gz"
            },
            {
                "1": {
                    "Accuracy": 0.9997871715936635,
                    "Dice": 0.9806627627609176,
                    "False Discovery Rate": 0.012034171103132318,
                    "False Negative Rate": 0.026533126761250636,
                    "False Omission Rate": 0.00014790092881783297,
                    "False Positive Rate": 6.610182251298724e-05,
                    "Jaccard": 0.9620591958526734,
                    "Negative Predictive Value": 0.9998520990711822,
                    "Precision": 0.9879658288968677,
                    "Recall": 0.9734668732387494,
                    "Total Positives Reference": 81973,
                    "Total Positives Test": 80770,
                    "True Negative Rate": 0.999933898177487
                },
                "reference": "/scratch/tmp/m_wolf37/nnunet/nnUNet_raw/nnUNet_raw_data/Task108_Retina-3d/labelsTr/102.nii.gz",
                "test": "/scratch/tmp/m_wolf37/nnunet/nnUNet_predictions/Task108_ensemble-2d_3d_fullres/imagesTr/102.nii.gz"
            },
            {
                "1": {
                    "Accuracy": 0.9993795040902008,
                    "Dice": 0.9434518123154865,
                    "False Discovery Rate": 0.06255128911752095,
                    "False Negative Rate": 0.05046770711857673,
                    "False Omission Rate": 0.0002766421975237531,
                    "False Positive Rate": 0.0003472743080795704,
                    "Jaccard": 0.8929567276842486,
                    "Negative Predictive Value": 0.9997233578024762,
                    "Precision": 0.937448710882479,
                    "Recall": 0.9495322928814233,
                    "Total Positives Reference": 80606,
                    "Total Positives Test": 81645,
                    "True Negative Rate": 0.9996527256919204
                },
                "reference": "/scratch/tmp/m_wolf37/nnunet/nnUNet_raw/nnUNet_raw_data/Task108_Retina-3d/labelsTr/103.nii.gz",
                "test": "/scratch/tmp/m_wolf37/nnunet/nnUNet_predictions/Task108_ensemble-2d_3d_fullres/imagesTr/103.nii.gz"
            },
            {
                "1": {
                    "Accuracy": 0.9997877802545014,
                    "Dice": 0.9823648420816006,
                    "False Discovery Rate": 0.009923309582337447,
                    "False Negative Rate": 0.025227797419225317,
                    "False Omission Rate": 0.0001538955264366593,
                    "False Positive Rate": 5.960441853813947e-05,
                    "Jaccard": 0.9653409028153613,
                    "Negative Predictive Value": 0.9998461044735634,
                    "Precision": 0.9900766904176626,
                    "Recall": 0.9747722025807747,
                    "Total Positives Reference": 89663,
                    "Total Positives Test": 88277,
                    "True Negative Rate": 0.9999403955814619
                },
                "reference": "/scratch/tmp/m_wolf37/nnunet/nnUNet_raw/nnUNet_raw_data/Task108_Retina-3d/labelsTr/104.nii.gz",
                "test": "/scratch/tmp/m_wolf37/nnunet/nnUNet_predictions/Task108_ensemble-2d_3d_fullres/imagesTr/104.nii.gz"
            },
            {
                "1": {
                    "Accuracy": 0.9998522983033241,
                    "Dice": 0.9806413870127108,
                    "False Discovery Rate": 0.011225310572884117,
                    "False Negative Rate": 0.027359203840135016,
                    "False Omission Rate": 0.00010563034876683696,
                    "False Positive Rate": 4.2634986065936964e-05,
                    "Jaccard": 0.9620180518599677,
                    "Negative Predictive Value": 0.9998943696512331,
                    "Precision": 0.9887746894271159,
                    "Recall": 0.972640796159865,
                    "Total Positives Reference": 56873,
                    "Total Positives Test": 55945,
                    "True Negative Rate": 0.9999573650139341
                },
                "reference": "/scratch/tmp/m_wolf37/nnunet/nnUNet_raw/nnUNet_raw_data/Task108_Retina-3d/labelsTr/105.nii.gz",
                "test": "/scratch/tmp/m_wolf37/nnunet/nnUNet_predictions/Task108_ensemble-2d_3d_fullres/imagesTr/105.nii.gz"
            },
            {
                "1": {
                    "Accuracy": 0.9998516896424862,
                    "Dice": 0.9848318220488452,
                    "False Discovery Rate": 0.009130259293796739,
                    "False Negative Rate": 0.021132957514093276,
                    "False Omission Rate": 0.00010445329167524935,
                    "False Positive Rate": 4.458390507433574e-05,
                    "Jaccard": 0.9701169160330309,
                    "Negative Predictive Value": 0.9998955467083247,
                    "Precision": 0.9908697407062033,
                    "Recall": 0.9788670424859067,
                    "Total Positives Reference": 72730,
                    "Total Positives Test": 71849,
                    "True Negative Rate": 0.9999554160949257
                },
                "reference": "/scratch/tmp/m_wolf37/nnunet/nnUNet_raw/nnUNet_raw_data/Task108_Retina-3d/labelsTr/106.nii.gz",
                "test": "/scratch/tmp/m_wolf37/nnunet/nnUNet_predictions/Task108_ensemble-2d_3d_fullres/imagesTr/106.nii.gz"
            },
            {
                "1": {
                    "Accuracy": 0.9998179427804709,
                    "Dice": 0.9854038344755791,
                    "False Discovery Rate": 0.010938775510204057,
                    "False Negative Rate": 0.018226606307464643,
                    "False Omission Rate": 0.00011480341361519489,