{
    "author": "Fabian",
    "description": "",
    "id": "4f7957a5dc3a",
    "name": "",
    "results": {
        "all": [
            {
                "1": {
                    "Accuracy": 0.9970507000952216,
                    "Dice": 0.8140044696930925,
                    "False Discovery Rate": 0.11777866116909652,
                    "False Negative Rate": 0.24441998749000393,
                    "False Omission Rate": 0.0021030915445705185,
                    "False Positive Rate": 0.0008690159063334812,
                    "Jaccard": 0.6863469961665432,
                    "Negative Predictive Value": 0.9978969084554294,
                    "Precision": 0.8822213388309035,
                    "Recall": 0.7555800125099961,
                    "Total Positives Reference": 126299,
                    "Total Positives Test": 108169,
                    "True Negative Rate": 0.9991309840936665
                },
                "reference": "/scratch/tmp/m_wolf37/nnunet/nnUNet_raw/nnUNet_raw_data/Task108_Retina-3d/labelsTs/001.nii.gz",
                "test": "/scratch/tmp/m_wolf37/nnunet/nnUNet_predictions/Task108_ensemble-2d_3d_fullres/imagesTs/001.nii.gz"
            },
            {
                "1": {
                    "Accuracy": 0.99836493410232,
                    "Dice": 0.8506440154440155,
                    "False Discovery Rate": 0.10225450183202722,
                    "False Negative Rate": 0.19176136363636365,
                    "False Omission Rate": 0.0011104789580383076,
                    "False Positive Rate": 0.0005334194567909734,
                    "Jaccard": 0.7401049169049513,
                    "Negative Predictive Value": 0.9988895210419617,
                    "Precision": 0.8977454981679728,
                    "Recall": 0.8082386363636364,
                    "Total Positives Reference": 85184,
                    "Total Positives Test": 76691,
                    "True Negative Rate": 0.999466580543209
                },
                "reference": "/scratch/tmp/m_wolf37/nnunet/nnUNet_raw/nnUNet_raw_data/Task108_Retina-3d/labelsTs/002.nii.gz",
                "test": "/scratch/tmp/m_wolf37/nnunet/nnUNet_predictions/Task108_ensemble-2d_3d_fullres/imagesTs/002.nii.gz"
            },
            {
                "1": {
                    "Accuracy": 0.9980373393135388,
                    "Dice": 0.8061428294690153,
                    "False Discovery Rate": 0.06477061376317417,
                    "False Negative Rate": 0.2916309592289541,
                    "False Omission Rate": 0.001687402017655162,
                    "False Positive Rate": 0.0002842590867508932,
                    "Jaccard": 0.6752422730019472,
                    "Negative Predictive Value": 0.9983125979823448,
                    "Precision": 0.9352293862368258,
                    "Recall": 0.7083690407710459,
                    "Total Positives Reference": 85183,
                    "Total Positives Test": 64520,
                    "True Negative Rate": 0.9997157409132491
                },
                "reference": "/scratch/tmp/m_wolf37/nnunet/nnUNet_raw/nnUNet_raw_data/Task108_Retina-3d/labelsTs/003.nii.gz",
                "test": "/scratch/tmp/m_wolf37/nnunet/nnUNet_predictions/Task108_ensemble-2d_3d_fullres/imagesTs/003.nii.gz"
            },
            {
                "1": {
                    "Accuracy": 0.9978670495368768,
                    "Dice": 0.8193756407099209,
                    "False Discovery Rate": 0.05706188624530417,
                    "False Negative Rate": 0.2755554655378446,
                    "False Omission Rate": 0.0018496746754657072,
                    "False Positive Rate": 0.0002947341244925461,
                    "Jaccard": 0.6940189182634005,
                    "Negative Predictive Value": 0.9981503253245343,
                    "Precision": 0.9429381137546958,
                    "Recall": 0.7244445344621554,
                    "Total Positives Reference": 98746,
                    "Total Positives Test": 75865,
                    "True Negative Rate": 0.9997052658755075
                },
                "reference": "/scratch/tmp/m_wolf37/nnunet/nnUNet_raw/nnUNet_raw_data/Task108_Retina-3d/labelsTs/004.nii.gz",
                "test": "/scratch/tmp/m_wolf37/nnunet/nnUNet_predictions/Task108_ensemble-2d_3d_fullres/imagesTs/004.nii.gz"
            },
            {
                "1": {
                    "Accuracy": 0.9985727579639889,
                    "Dice": 0.8204770492361088,
                    "False Discovery Rate": 0.1777883861288233,
                    "False Negative Rate": 0.18125021221690263,
                    "False Omission Rate": 0.0007248824103032706,
                    "False Positive Rate": 0.0007080555509911823,
                    "Jaccard": 0.6956007500360595,
                    "Negative Predictive Value": 0.9992751175896968,
                    "Precision": 0.8222116138711767,
                    "Recall": 0.8187497877830974,
                    "Total Positives Reference": 58902,
                    "Total Positives Test": 58654,
                    "True Negative Rate": 0.9992919444490088
                },
                "reference": "/scratch/tmp/m_wolf37/nnunet/nnUNet_raw/nnUNet_raw_data/Task108_Retina-3d/labelsTs/007.nii.gz",
                "test": "/scratch/tmp/m_wolf37/nnunet/nnUNet_predictions/Task108_ensemble-2d_3d_fullres/imagesTs/007.nii.gz"
            },
            {
                "1": {
                    "Accuracy": 0.9980526910924515,
                    "Dice": 0.8276138703960918,
                    "False Discovery Rate": 0.13612048493938256,
                    "False Negative Rate": 0.2057295856220266,
                    "False Omission Rate": 0.0012173487323675505,
                    "False Positive Rate": 0.0007409076394101488,
                    "Jaccard": 0.7059226047613698,
                    "Negative Predictive Value": 0.9987826512676324,
                    "Precision": 0.8638795150606174,
                    "Recall": 0.7942704143779734,
                    "Total Positives Reference": 87022,
                    "Total Positives Test": 80010,
                    "True Negative Rate": 0.9992590923605899
                },
                "reference": "/scratch/tmp/m_wolf37/nnunet/nnUNet_raw/nnUNet_raw_data/Task108_Retina-3d/labelsTs/008.nii.gz",
                "test": "/scratch/tmp/m_wolf37/nnunet/nnUNet_predictions/Task108_ensemble-2d_3d_fullres/imagesTs/008.nii.gz"
            },
            {
                "1": {
                    "Accuracy": 0.9982328547004847,
                    "Dice": 0.8271756815746657,
                    "False Discovery Rate": 0.13949552078602978,
                    "False Negative Rate": 0.20366762177650433,
                    "False Omission Rate": 0.001086932069837951,
                    "False Positive Rate": 0.0006892151126918211,
                    "Jaccard": 0.7052852405765717,
                    "Negative Predictive Value": 0.9989130679301621,
                    "Precision": 0.8605044792139702,
                    "Recall": 0.7963323782234957,
                    "Total Positives Reference": 78525,
                    "Total Positives Test": 72669,
                    "True Negative Rate": 0.9993107848873082
                },
                "reference": "/scratch/tmp/m_wolf37/nnunet/nnUNet_raw/nnUNet_raw_data/Task108_Retina-3d/labelsTs/009.nii.gz",
                "test": "/scratch/tmp/m_wolf37/nnunet/nnUNet_predictions/Task108_ensemble-2d_3d_fullres/imagesTs/009.nii.gz"
            }
        ],
        "mean": {
            "1": {
                "Accuracy": 0.9980254752578402,
                "Dice": 0.8236333652175586,
                "False Discovery Rate": 0.11361000783769111,
                "False Negative Rate": 0.22771645650122854,
                "False Omission Rate": 0.0013971157726054954,