{
    "author": "Fabian",
    "description": "",
    "id": "4f9f102c01d6",
    "name": "",
    "results": {
        "all": [
            {
                "1": {
                    "Accuracy": 0.999364422827216,
                    "Dice": 0.9301014488441972,
                    "False Discovery Rate": 0.05994226779324652,
                    "False Negative Rate": 0.07964614795843272,
                    "False Omission Rate": 0.0003675939599645273,
                    "False Positive Rate": 0.0002708813365815965,
                    "Jaccard": 0.8693361140076469,
                    "Negative Predictive Value": 0.9996324060400354,
                    "Precision": 0.9400577322067535,
                    "Recall": 0.9203538520415673,
                    "Total Positives Reference": 67938,
                    "Total Positives Test": 66514,
                    "True Negative Rate": 0.9997291186634184
                },
                "reference": "/scratch/tmp/m_wolf37/nnunet/nnUNet_raw/nnUNet_raw_data/Task108_Retina-3d/labelsTr/011.nii.gz",
                "test": "/scratch/tmp/m_wolf37/nnunet/nnUNet_predictions/Task108_Retina-3d_fullres/imagesTr/011.nii.gz"
            },
            {
                "1": {
                    "Accuracy": 0.9996087663391621,
                    "Dice": 0.9314987389136896,
                    "False Discovery Rate": 0.06361147482442564,
                    "False Negative Rate": 0.07334024407482453,
                    "False Omission Rate": 0.0002111287861858157,
                    "False Positive Rate": 0.00018122486030691665,
                    "Jaccard": 0.8717806640365264,
                    "Negative Predictive Value": 0.9997888712138142,
                    "Precision": 0.9363885251755744,
                    "Recall": 0.9266597559251755,
                    "Total Positives Reference": 42446,
                    "Total Positives Test": 42005,
                    "True Negative Rate": 0.9998187751396931
                },
                "reference": "/scratch/tmp/m_wolf37/nnunet/nnUNet_raw/nnUNet_raw_data/Task108_Retina-3d/labelsTr/012.nii.gz",
                "test": "/scratch/tmp/m_wolf37/nnunet/nnUNet_predictions/Task108_Retina-3d_fullres/imagesTr/012.nii.gz"
            },
            {
                "1": {
                    "Accuracy": 0.9989798844355956,
                    "Dice": 0.9075202628965213,
                    "False Discovery Rate": 0.08778179039355138,
                    "False Negative Rate": 0.09712954265428864,
                    "False Omission Rate": 0.0005414327649241332,
                    "False Positive Rate": 0.0004843386624867607,
                    "Jaccard": 0.8306975700095404,
                    "Negative Predictive Value": 0.9994585672350759,
                    "Precision": 0.9122182096064486,
                    "Recall": 0.9028704573457114,
                    "Total Positives Reference": 81973,
                    "Total Positives Test": 81133,
                    "True Negative Rate": 0.9995156613375132
                },
                "reference": "/scratch/tmp/m_wolf37/nnunet/nnUNet_raw/nnUNet_raw_data/Task108_Retina-3d/labelsTr/102.nii.gz",
                "test": "/scratch/tmp/m_wolf37/nnunet/nnUNet_predictions/Task108_Retina-3d_fullres/imagesTr/102.nii.gz"
            },
            {
                "1": {
                    "Accuracy": 0.9990713864482341,
                    "Dice": 0.9156028150834383,
                    "False Discovery Rate": 0.09266771431007803,
                    "False Negative Rate": 0.0759744932139047,
                    "False Omission Rate": 0.000416471969647871,
                    "False Positive Rate": 0.0005172734798436496,
                    "Jaccard": 0.8443426705814335,
                    "Negative Predictive Value": 0.9995835280303521,
                    "Precision": 0.907332285689922,
                    "Recall": 0.9240255067860953,
                    "Total Positives Reference": 80606,
                    "Total Positives Test": 82089,
                    "True Negative Rate": 0.9994827265201564
                },
                "reference": "/scratch/tmp/m_wolf37/nnunet/nnUNet_raw/nnUNet_raw_data/Task108_Retina-3d/labelsTr/103.nii.gz",
                "test": "/scratch/tmp/m_wolf37/nnunet/nnUNet_predictions/Task108_Retina-3d_fullres/imagesTr/103.nii.gz"
            },
            {
                "1": {
                    "Accuracy": 0.9989554703730956,
                    "Dice": 0.9130246256595655,
                    "False Discovery Rate": 0.07790390827608173,
                    "False Negative Rate": 0.09587009134202518,
                    "False Omission Rate": 0.0005848158510404089,
                    "False Positive Rate": 0.00046601673809099076,
                    "Jaccard": 0.8399680868700266,
                    "Negative Predictive Value": 0.9994151841489596,
                    "Precision": 0.9220960917239183,
                    "Recall": 0.9041299086579748,
                    "Total Positives Reference": 89663,
                    "Total Positives Test": 87916,
                    "True Negative Rate": 0.999533983261909
                },
                "reference": "/scratch/tmp/m_wolf37/nnunet/nnUNet_raw/nnUNet_raw_data/Task108_Retina-3d/labelsTr/104.nii.gz",
                "test": "/scratch/tmp/m_wolf37/nnunet/nnUNet_predictions/Task108_Retina-3d_fullres/imagesTr/104.nii.gz"
            },
            {
                "1": {
                    "Accuracy": 0.9993930298865997,
                    "Dice": 0.9203913463841261,
                    "False Discovery Rate": 0.07131350016109983,
                    "False Negative Rate": 0.08775693211189839,
                    "False Omission Rate": 0.0003388163517618382,
                    "False Positive Rate": 0.00027047417911862937,
                    "Jaccard": 0.8525231279885633,
                    "Negative Predictive Value": 0.9996611836482382,
                    "Precision": 0.9286864998389002,
                    "Recall": 0.9122430678881016,
                    "Total Positives Reference": 56873,
                    "Total Positives Test": 55866,
                    "True Negative Rate": 0.9997295258208814
                },
                "reference": "/scratch/tmp/m_wolf37/nnunet/nnUNet_raw/nnUNet_raw_data/Task108_Retina-3d/labelsTr/105.nii.gz",
                "test": "/scratch/tmp/m_wolf37/nnunet/nnUNet_predictions/Task108_Retina-3d_fullres/imagesTr/105.nii.gz"
            },
            {
                "1": {
                    "Accuracy": 0.9992198320637119,
                    "Dice": 0.9202157825575766,
                    "False Discovery Rate": 0.07421374895630395,
                    "False Negative Rate": 0.0852880516980613,
                    "False Omission Rate": 0.00042155123787776847,
                    "False Positive Rate": 0.0003624481185388051,
                    "Jaccard": 0.8522219233183455,
                    "Negative Predictive Value": 0.9995784487621222,
                    "Precision": 0.925786251043696,
                    "Recall": 0.9147119483019387,
                    "Total Positives Reference": 72730,
                    "Total Positives Test": 71860,
                    "True Negative Rate": 0.9996375518814612
                },
                "reference": "/scratch/tmp/m_wolf37/nnunet/nnUNet_raw/nnUNet_raw_data/Task108_Retina-3d/labelsTr/106.nii.gz",
                "test": "/scratch/tmp/m_wolf37/nnunet/nnUNet_predictions/Task108_Retina-3d_fullres/imagesTr/106.nii.gz"
            },
            {
                "1": {
                    "Accuracy": 0.9990230317261081,
                    "Dice": 0.9218619846601542,
                    "False Discovery Rate": 0.0769597383043944,
                    "False Negative Rate": 0.07931328802791793,
                    "False Omission Rate": 0.0004995835442720102,