{
    "author": "Fabian",
    "description": "",
    "id": "fe6a62787a7f",
    "name": "",
    "results": {
        "all": [
            {
                "1": {
                    "Accuracy": 0.9999355495801593,
                    "Dice": 0.9929790698188409,
                    "False Discovery Rate": 0.00600303839289662,
                    "False Negative Rate": 0.008036739380022917,
                    "False Omission Rate": 3.709551367808744e-05,
                    "False Positive Rate": 2.7652045143877757e-05,
                    "Jaccard": 0.9860560392128174,
                    "Negative Predictive Value": 0.9999629044863219,
                    "Precision": 0.9939969616071034,
                    "Recall": 0.9919632606199771,
                    "Total Positives Reference": 67938,
                    "Total Positives Test": 67799,
                    "True Negative Rate": 0.9999723479548561
                },
                "reference": "/scratch/tmp/m_wolf37/nnunet/nnUNet_raw/nnUNet_raw_data/Task108_Retina-3d/labelsTr/011.nii.gz",
                "test": "/scratch/tmp/m_wolf37/nnunet/nnUNet_predictions/Task108_Retina-3d_2dNet/imagesTr/011.nii.gz"
            },
            {
                "1": {
                    "Accuracy": 0.9999701756189404,
                    "Dice": 0.994801183585415,
                    "False Discovery Rate": 0.004435950071966177,
                    "False Negative Rate": 0.005960514536116457,
                    "False Omission Rate": 1.715931419443565e-05,
                    "False Positive Rate": 1.2750850949760917e-05,
                    "Jaccard": 0.9896561429844725,
                    "Negative Predictive Value": 0.9999828406858056,
                    "Precision": 0.9955640499280338,
                    "Recall": 0.9940394854638835,
                    "Total Positives Reference": 42446,
                    "Total Positives Test": 42381,
                    "True Negative Rate": 0.9999872491490502
                },
                "reference": "/scratch/tmp/m_wolf37/nnunet/nnUNet_raw/nnUNet_raw_data/Task108_Retina-3d/labelsTr/012.nii.gz",
                "test": "/scratch/tmp/m_wolf37/nnunet/nnUNet_predictions/Task108_Retina-3d_2dNet/imagesTr/012.nii.gz"
            },
            {
                "1": {
                    "Accuracy": 0.9998925375476108,
                    "Dice": 0.9902781941546801,
                    "False Discovery Rate": 0.006689250558460369,
                    "False Negative Rate": 0.012735900845400328,
                    "False Omission Rate": 7.0995844566975e-05,
                    "False Positive Rate": 3.7063264680559094e-05,
                    "Jaccard": 0.980743595336775,
                    "Negative Predictive Value": 0.9999290041554331,
                    "Precision": 0.9933107494415396,
                    "Recall": 0.9872640991545997,
                    "Total Positives Reference": 81973,
                    "Total Positives Test": 81474,
                    "True Negative Rate": 0.9999629367353194
                },
                "reference": "/scratch/tmp/m_wolf37/nnunet/nnUNet_raw/nnUNet_raw_data/Task108_Retina-3d/labelsTr/102.nii.gz",
                "test": "/scratch/tmp/m_wolf37/nnunet/nnUNet_predictions/Task108_Retina-3d_2dNet/imagesTr/102.nii.gz"
            },
            {
                "1": {
                    "Accuracy": 0.9993916096779778,
                    "Dice": 0.9449415508905074,
                    "False Discovery Rate": 0.0674888867413993,
                    "False Negative Rate": 0.04229213706175716,
                    "False Omission Rate": 0.00023184520765278253,
                    "False Positive Rate": 0.00037991414905824694,
                    "Jaccard": 0.8956295754875686,
                    "Negative Predictive Value": 0.9997681547923473,
                    "Precision": 0.9325111132586007,
                    "Recall": 0.9577078629382428,
                    "Total Positives Reference": 80606,
                    "Total Positives Test": 82784,
                    "True Negative Rate": 0.9996200858509418
                },
                "reference": "/scratch/tmp/m_wolf37/nnunet/nnUNet_raw/nnUNet_raw_data/Task108_Retina-3d/labelsTr/103.nii.gz",
                "test": "/scratch/tmp/m_wolf37/nnunet/nnUNet_predictions/Task108_Retina-3d_2dNet/imagesTr/103.nii.gz"
            },
            {
                "1": {
                    "Accuracy": 0.9999008559123961,
                    "Dice": 0.991797316502725,
                    "False Discovery Rate": 0.004839488429018934,
                    "False Negative Rate": 0.011543222957072552,
                    "False Omission Rate": 7.042013468820312e-05,
                    "False Positive Rate": 2.9325918253331196e-05,
                    "Jaccard": 0.9837281062001909,
                    "Negative Predictive Value": 0.9999295798653118,
                    "Precision": 0.9951605115709811,
                    "Recall": 0.9884567770429274,
                    "Total Positives Reference": 89663,
                    "Total Positives Test": 89059,
                    "True Negative Rate": 0.9999706740817467
                },
                "reference": "/scratch/tmp/m_wolf37/nnunet/nnUNet_raw/nnUNet_raw_data/Task108_Retina-3d/labelsTr/104.nii.gz",
                "test": "/scratch/tmp/m_wolf37/nnunet/nnUNet_predictions/Task108_Retina-3d_2dNet/imagesTr/104.nii.gz"
            },
            {
                "1": {
                    "Accuracy": 0.9999215503808865,
                    "Dice": 0.9897588021329943,
                    "False Discovery Rate": 0.006046635340012374,
                    "False Negative Rate": 0.014400506391433532,
                    "False Omission Rate": 5.560019185121144e-05,
                    "False Positive Rate": 2.3150525873316674e-05,
                    "Jaccard": 0.9797252420736183,
                    "Negative Predictive Value": 0.9999443998081488,
                    "Precision": 0.9939533646599876,
                    "Recall": 0.9855994936085665,
                    "Total Positives Reference": 56873,
                    "Total Positives Test": 56395,
                    "True Negative Rate": 0.9999768494741267
                },
                "reference": "/scratch/tmp/m_wolf37/nnunet/nnUNet_raw/nnUNet_raw_data/Task108_Retina-3d/labelsTr/105.nii.gz",
                "test": "/scratch/tmp/m_wolf37/nnunet/nnUNet_predictions/Task108_Retina-3d_2dNet/imagesTr/105.nii.gz"
            },
            {
                "1": {
                    "Accuracy": 0.9999342646295014,
                    "Dice": 0.9933066148824526,
                    "False Discovery Rate": 0.0050353161902659815,
                    "False Negative Rate": 0.008345937027361527,
                    "False Omission Rate": 4.125302635463521e-05,
                    "False Positive Rate": 2.4806593524551168e-05,
                    "Jaccard": 0.9867022368151036,
                    "Negative Predictive Value": 0.9999587469736454,
                    "Precision": 0.994964683809734,
                    "Recall": 0.9916540629726385,
                    "Total Positives Reference": 72730,
                    "Total Positives Test": 72488,
                    "True Negative Rate": 0.9999751934064754
                },
                "reference": "/scratch/tmp/m_wolf37/nnunet/nnUNet_raw/nnUNet_raw_data/Task108_Retina-3d/labelsTr/106.nii.gz",
                "test": "/scratch/tmp/m_wolf37/nnunet/nnUNet_predictions/Task108_Retina-3d_2dNet/imagesTr/106.nii.gz"
            },
            {
                "1": {
                    "Accuracy": 0.9999106621147853,
                    "Dice": 0.9928531625161628,
                    "False Discovery Rate": 0.005656697009102762,
                    "False Negative Rate": 0.008632518340049966,
                    "False Omission Rate": 5.437489962080483e-05,